index,store,sido,gungu,store_address
0,남항점,부산광역시,영도구,"부산광역시 영도구 남항로19번길 38, 1층(남항동1가)"
1,화정점,울산광역시,동구,울산광역시 동구 대송8길 31(화정동)
2,청북점,경기도,평택시,경기도 평택시 청북읍 안청로4길 42
3,오산운암점,경기도,오산시,경기도 오산시 원동로6 (원동)
4,팔판점,경상남도,김해시,"경상남도 김해시 계동로23번길 5, 1층 111호(관동동, 대우프라자)"
5,망양점,울산광역시,울주군,울산광역시 울주군 온양읍 덕망로 270
6,우정점,울산광역시,중구,울산광역시 중구 우암길 1(우정동)
7,와동점,경기도,안산시,경기도 안산시 단원구 화정천동로 2안길 28
8,성안점,울산광역시,중구,"울산광역시 중구 함월16길 13-1, 1층 (성안동)"
9,선암점,울산광역시,남구,"울산광역시 남구 두왕로 174번길 35-1, 1층(선암동)"
10,대화점,경기도,고양시,"경기 고양시 일산서구 강성로 271 (대화동,대화씨티빌 101호)"
11,갈매점,경기도,구리시,"경기도 구리시 갈애순환로 198, 1층 101호(갈매동, 비젼프라자)"
12,신주례점,부산광역시,사상구,부산광역시 사상구 백양대로 502(주례동)
13,서창2점,인천광역시,남동구,인천광역시 남동구 서창동 707-3
14,신안평거점,경상남도,진주시,"경남 진주시 신평공원길 25번길 8-4,1층"
15,봉곡사림점,경상남도,창원시,"경남 창원시 의창구 봉곡로 50,1층(봉곡동)"
16,석동점,경상남도,창원시,"경남 창원시 진해구 진해대로 886번길 20,1층(석동)"
17,옥정1호점,경기도,양주시,경기도 양주시 옥정동로 173 레이크프라자 107호
18,인천장기점,인천광역시,계양구,인천광역시 계양구 장기로 29 (장기동)
19,구로점,서울특별시,구로구,서울특별시 구로구 구로동로 213
20,헬리오시티점,서울특별시,송파구,서울시 송파구 가락로 16길 2-26 (석촌동)
21,남동탄점,경기도,화성시,경기도 화성시 동탄대로4길95 (장지동)
22,구서점,부산광역시,금정구,"부산광역시 금정구 금강로 563, 1층(구서동)"
23,국제신도시점,부산광역시,강서구,"부산광역시 강서구 명지국제5로 14, 1층 101호(명지동, 서진빌딩)"
24,평창점,강원도,평창군,강원도 평창군 평창읍 백오1길 33
25,여주교동점,경기도,여주시,경기도 여주시 세종로 254-16 (교동)
26,도원점,대구광역시,달서구,대구광역시 달서구 도원남로56 산새마을 분산상가 1층 103호
27,좌동상록점,부산광역시,해운대구,"부산광역시 해운대구 세실로 7, 104호(좌동, 해운대상록아파트상가)"
28,구남역점,부산광역시,북구,부산광역시 북구 백양대로 1015번길 15(구포동)
29,이천점,경기도,이천시,경기도 이천시 관고동 12-4
30,부곡점,부산광역시,금정구,부산광역시 금정구 동현로 23(부곡동)
31,석산점,경상남도,양산시,경상남도 양산시 동면 금오7길 24
32,문현1동점,부산광역시,남구,"부산광역시 남구 고동골로 66, 1층(문현동)"
33,양정1호점,부산광역시,부산진구,부산광역시 부산진구 양지로 5번길 20(양정동)
34,통진점,경기도,김포시,경기도 김포시 통진읍 서암로6번길 5-21
35,상동점,경상남도,거제시,경남 거제시 거제중앙로3길 14-2(상동동)
36,반송2호점,부산광역시,해운대구,"부산광역시 해운대구 아랫반송로 51, 1층(반송동)"
37,소사벌점,경기도,평택시,경기도 평택시 비전동 1053
38,동탄중앙점,경기도,화성시,경기도 화성시 동탄산척로 2나길 6-7 (산척동)
39,항구영일대점,경상북도,포항시,경상북도 포항시 북구 아호로 3
40,반야월점,대구광역시,동구,대구광역시 동구 안심로41길 47
41,테크노폴리스점,대구광역시,달성군,대구광역시 달성군 유가읍 테크노중앙대로 326-35
42,비전점,경기도,평택시,경기도 평택시 중앙로235 (비전동)
43,능곡점,경기도,시흥시,경기도 시흥시 능곡중앙로77
44,비산점,경기도,안양시,경기도 안양시 동안구 평촌대로408 (비산동)
45,부곡점,경기도,의왕시,경기도 의왕시 삼동 150-16
46,홍성점,충청남도,홍성군,충남 홍성군 홍성읍 충절로1053번길 41
47,율량사천점,충청북도,청주시,충북 청주시 청원구 율량로190번길19
48,증평점,충청북도,증평군,충북 증평군 증평읍 문화로83
49,송강테크로점,대전광역시,유성구,대전시 유성구 구즉로48번길10
50,몰운대롯데캐슬점,부산광역시,사하구,"부산광역시 사하구 다대낙조2길 100, 101호(다대동,롯데캐슬몰운대아파트부상가)"
51,옥포돌미점,대구광역시,달성군,대구시 달성군 옥포면 돌미상업로2길 26
52,영양점,경상북도,영양군,경상북도 영양군 영양읍 중앙로 111
53,대도점,경상북도,포항시,경상북도 포항시 남구 대도동 163-1
54,대합공단점,경상남도,창녕군,경남 창녕군 대합면 대합산업단지로 119-15
55,배곧점,경기도,시훙시,경기도 시훙시 배곧4로32-27
56,광주점,경기도,광주시,경기도 광주시 송정동111-1
57,신하점,경기도,이천시,경기도 이천시 부발읍 신하리 432-15
58,관양점,경기도,안양시,경기도 안양시 동안구 관양동 1429-12
59,중동점,경기도,부천시,경기도 부천시 원미구 부흥로 272번길 22
60,조암점,경기도,화성시,경기도 화성시 장안면 기아자동차로 789 103호
61,정왕점,경기도,시흥시,경기도 시흥시 정왕동 1193-14
62,일죽점,경기도,안성시,경기도 안성시 일죽면 송천리 18
63,인계점,경기도,수원시,경기도 수원시 팔달구 인계동 1008-9
64,이천사동점,경기도,이천시,경기도 이천시 대월면 사동리 182-2
65,은행점,경기도,시흥시,"경기도 시흥시 시흥대로 1074번길 28,106호(은행동, 녹원아파트 상가동)"
66,월곶점,경기도,시흥시,경기도 시흥시 월곶동 995
67,원곡점,경기도,안성시,경기도 안성시 원곡면 만세로 1058
68,우만점,경기도,수원시,경기도 수원시 팔달 우만동 481-29
69,호법점,경기도,이천시,경기도 이천시 호법면 후안리 267-4
70,하안8점,경기도,광명시,경기도 광명시 하안동 260-2 8단지상가 104-2
71,하안12점,경기도,광명시,경기도 광명시 하안동 62-4  1층 3호
72,하안11점,경기도,광명시,경기도 광명시 하안동 305  10 단지상가  104
73,포일내손점,경기도,의왕시,경기도 의왕시 내손동652-15
74,포도원,경기도,안양시,경기도 안양시 동안구 호계3동 811 현대홈타운상가 107
75,평촌5점,경기도,안양시,경기도 안양시 동안구 평촌동 898-2 초원아파트상가110
76,태전점,경기도,광주시,경기도 광주시 태전동 688-1
77,철산점,경기도,광명시,경기도 광명시 철산동 240  주공13단지 상가동
78,철산2점,경기도,광명시,"경기도 광명시 연서로2번길 11, 1층 1호(철산동)"
79,천리점,경기도,용인시,경기도 용인시 이동면 천리 56-6
80,중앙대,경기도,안성시,경기도 안성시 대덕면 내리 682-3
81,안양중앙점,경기도,안양시,경기도 안양시 만안구 안양동 711-815
82,안양2점,경기도,안양시,경기도 안양시 만안구 안양동 873-162
83,안성점,경기도,안성시,경기도 안성시 도기 4길 9(도기동)
84,신흥산성점,경기도,성남시,경기도 성남시 수정구 수정남로 305번길11.103호
85,신천리점,경기도,시흥시,경기도 시흥시 호현로49번안길 1(대야동)
86,신갈점,경기도,용인시,경기도 용인시 기흥구 신구로 38 청솔학원
87,송내우성,경기도,부천시,경기도 부천시 소사구 송내동 336-15
88,소사점,경기도,부천시,"경기도 부천시 소사구 소사로202번길 27, 1층(소사본동)"
89,성포점,경기도,안산시,경기도 안산시 상록구 성포동 592-2
90,석수엘지점,경기도,안양시,경기도 안양시 만안구 석수동 415-2 엘지빌리지 상가
91,샘마을점,경기도,안양시,경기도 안양시 동안구 호계동 1116 샘마을상가 1층
92,삼보점,경기도,시흥시,경기도 시흥시 대야동 275 삼보상가 1층 1호
93,산본점,경기도,군포시,경기도 군포시 산본동 1069-3 (1층)
94,북리점,경기도,용인시,경기도 용인시 처인구 남사면 북리 680-13
95,북내점,경기도,여주시,경기도 여주시 북내면 여양2로 274
96,케이준 부곡점,경기도,안산시,경기도 안산시 상록구 성호로340
97,보정점,경기도,용인시,"경기도 용인시 기흥구 죽현로 8-20 130(보정동,아이원프라자)"
98,범계점,경기도,안양,경기도 안양 동안 비산 1102 관악타운 상가122
99,백암점,경기도,용인시,경기도 용인시 처인구 백암면 백암리 391번지
100,백사점,경기도,이천시,경기도 이천시 백사면 현방리 67-12
101,박달점,경기도,안양시,경기도 안양시 만안구 박달동 149-1
102,미양점,경기도,안성시,경기도 안성시 미양면 보체리 405 상가 501동 101호
103,모현점,경기도,용인시,경기도 용인시 처인구 모현면 일산리112-82
104,만선점,경기도,광주시,경기도 광주시 곤지암읍 만선로 45
105,둔전점,경기도,용인시,경기도 용인시 처인구 포곡읍 포곡로 118번길 24-11
106,대림동산점,경기도,안성시,"경기도 안성시 공도읍 가족공원길 26, 나동 1층"
107,능평점,경기도,광주시,경기도 광주시 오포읍 수레실길 5
108,금정점,경기도,군포시,경기도 군포시 금정동 79-1 1층
109,군포점,경기도,군포시,경기도 군포시 당동 914-5번지
110,구성점,경기도,용인시,"경기도 용인시 기흥구 구성로 186(언남동, 신일푸른솔아파트단지내 1층"
111,광명2점,경기도,광명시,경기도 광명시 광명동 158-240 1층
112,공도점,경기도,안성시,경기도 안성시 공도읍 고무다리길 3
113,거모점,경기도,시흥시,경기도 시흥시 군자로504번안길 12(거모동)
114,갈산점,경기도,이천시,경기도 이천시 갈산로 87번길 4(갈산동)
115,가남점,경기도,여주시,경기도 여주시 가납읍 태평중앙1길 8-10
116,한솔새롬점,세종특별자치시,누리로28,세종시 누리로28
117,금정산SK점,부산광역시,금정구,"부산광역시 금정구 식물원로 82, 302동 201호(장전동, 금정에스케이뷰)"
118,평촌2점,경기도,안양시,경기도 안양시 동안구 평촌대로127번길 38
119,목감점,경기도,시흥시,경기도 시흥시 목감중앙서로20 시흥목감엘에이치 7단지
120,시화계룡점,경기도,시흥시,"경기도 시흥시 중심상가로 127, 상가동 108호(정왕동)"
121,시화3점,경기도,시흥시,"경기도 시흥시 정왕대로28번길 31 , 110(정왕동)"
122,시화2점,경기도,시흥시,"경기도 시흥시 옥구천서로373번길 43, 104호(정왕동, 주공1단지분산상가)"
123,연지점,부산광역시,부산진구,"부산광역시 부산진구 새싹로 184, 1층 101호(연지동, 연지메디컬센터)"
124,신라대점,부산광역시,사상구,"부산광역시 사상구 백양대로 703, A동(덕포동)"
125,연제점,부산광역시,연제구,부산광역시 연제구 거제천로 183(거제동)
126,정관롯데캐슬점,부산광역시,기장군,"부산광역시 기장군 정관읍 정관3로 52, 상가동 101호(롯데캐슬)"
127,호계2점,경기도,안양시,경기도 안양시 동안구 호계동 912-2
128,향남2점,경기도,화성시,경기도 화성시 향남읍 신광길 19. 102호
129,위례점,경기도,성남시,경기도 성남시 수정구 위례순환로 4길 34(창곡동)
130,신림역점,서울특별시,관악구,"서울특별시 관악구 신림동길 40, 101(신림동)"
131,동삭점,경기도,평택시,"경기도 평택시 동삭로 397 상가동 104,105호"
132,길동점,서울특별시,강동구,서울시 강동구 길동 99-1
133,괴안점,경기도,부천시,경기도 부천시 소사 괴안동 89-1
134,곤지암점,경기도,광주시,경기 광주시 곤지암읍 곤지암리 435-91
135,고강점,경기도,부천시,"경기도 부천시 오정구 원종로 122, 101호(고강동, 가람5차)"
136,덕진하가점,전라북도,전주시,전북 전주시 덕진구 가리내5길 16 103호(덕진동2가)
137,삼안점,경상남도,김해시,경상남도 김해시 삼안로 131번길 8-4(삼방동)
138,북정점,경상남도,양산시,경상남도 양산시 북정로 101(북정동)
139,산하1호점,울산광역시,북구,"울산광역시 북구 화암6길 14, 1층 101호(산하동)"
140,부곡월산점,경상남도,김해시,"경상남도 김해시 월산로 111-67,1 1층 105호(부곡동, 신화프라자)"
141,괘법한신점,부산광역시,사상구,"부산광역시 사상구 광장로 37번길 82, 1층(괘법동,대동래미안)"
142,아주점,경상남도,거제시,"경남 거제시 아주1로1길 7-2,1층(아주동)"
143,오동동점,경상남도,창원시,경남 창원시 마산합포구 오동동10길 15(오동동)
144,예산점,충청남도,예산군,충남 예산군 예산읍 역전로 160번길 16. 1층 107
145,대소점,충청북도,음성군,충북 음성군 대소면 오태로 75-1
146,옥포돌미점,경상남도,창녕군,경상남도 창녕군 대합면 대합산업단지로 119-15
147,대도점,경상북도,포항시,경상북도 포항시 남구 상대로 142
148,진천장관점,충청북도,진천군,충북 진천군 진천읍 장관2길 139-1
149,삼성2점,대전광역시,동구,대전 동구 현암로 36
150,삼성점,충청북도,음성군,충북 음성군 삼성면 덕정로62번길 2
151,무극점,충청북도,음성군,충북 음성군 금왕읍 무극로 234
152,경산남산점,경상북도,경산시,경북 경산시 남산면 산양길 9
153,계백점,대전광역시,중구,대전시 중구 문화로90
154,원성점,충청남도,천안시,충남 천안시 동남구 버들로127
155,가양점,서울특별시,강서,서울 강서 가양 1475 강변아파트상가 203
156,등촌점,서울특별시,강서구,서울특별시 강서구 등촌동 704  주공9단지아파트상가동102호
157,방화점,서울특별시,강서구,"서울특별시 강서구 방화대로33길 17 (방화동,1층)"
158,신길점,서울특별시,영등포,서울시 영등포 신길 95-62
159,신풍역점,서울특별시,영등포구,"서울특별시 영등포구 신길로 108(신길동,남서울 아파트상가.신길동3591)"
160,신대방,서울특별시,동작구,서울시 동작구 대방동 409-10
161,암사점,서울특별시,강동구,서울 강동구 암사동 425-197번지
162,풍납점,서울특별시,송파구,서울 송파구 풍납동 392번지
163,송파점,서울특별시,송파구,서울 송파구 송파동 135-18 102호
164,가락점,서울특별시,송파구,서울 송파구 가락동 82-6번지
165,문정점,서울특별시,송파구,서울 송파구 문정동 29
166,오금점,서울특별시,송파구,서울 송파구 오금동 151-6번지
167,일원점,서울특별시,강남,서울시 강남 일원 682-7 1층
168,삼전점,서울특별시,송파,서울시 송파 삼전 167-17
169,신천점,서울특별시,송파,서울시 송파 잠실 185-9
170,압구정점,서울특별시,강남구,서울 강남구 신사동 653-15번지 2층
171,잠원점,서울특별시,서초구,서울 서초구 잠원동 53번지 현대상사 1층 6호
172,방배점,서울특별시,서초구,서울 서초구 방배동 868-28번지
173,양재점,서울특별시,서초구,서울 서초구 양재동 6-37번지
174,대치점,서울특별시,강남구,서울 강남구 대치동 922-14번지
175,서초점,서울특별시,서초구,서울 서초구 서초동 1342번지
176,역삼점,서울특별시,강남구,서울 강남구 역삼동 782-28번지
177,논현점,서울특별시,강남구,서울 강남구 논현동 192-1번지
178,여의도점,서울특별시,영등포구,서울시 영등포구 여의도동50 시범상가 
179,대방점,서울특별시,동작구,서울 동작구 대방동 68-35번지
180,장승배기점,서울특별시,동작,서울 동작 상도 373-72번지
181,봉천점,서울특별시,관악구,서울 관악구 봉천동 885-1번지
182,행운점,서울특별시,관악구,서울 관악구 행운동 66-117번지
183,우장산점,서울특별시,강서구,서울특별시 강서구 강서로 46길 51(내발산동)
184,화곡역점,서울특별시,강서구,서울특별시 강서구 화곡동 1062-20 2층
185,신정1점,서울특별시,양천구,"서울특별시 양천구 은행정로 5길 28,1층 102호(신정동)"
186,신도림점,서울특별시,구로구,서울시 구로구 신도림동 396 - 140
187,신정7점,서울특별시,양천구,서울특별시 양천구 신정동 203-1
188,당산점,서울특별시,영등포구,서울 영등포구 당산동1가 378번지
189,대림점,서울특별시,영등포구,서울시 영등포구 대림동 1027-16
190,구로가산점,서울특별시,구로구,서울 구로구 구로동 792-22번지
191,독산점,서울특별시,금천구,서울시 금천구 독산 179-12
192,시흥점,서울특별시,금천구,서울시 금천구 시흥동 887-24
193,원종점,경기도,부천시,경기도 부천시 원종동 382-7
194,목동점,서울특별시,양천구,"서울특별시 양천구 목동중앙서로 40 (목동,1층)"
195,사당점,동작구,사당동,동작구 사당동 312-9번지
196,상도점,서울특별시,동작구,서울 동작구 상도1동 360-1번지
197,동방점,서울특별시,관악,서울시 관악 신림 246-23
198,신림점,서울특별시,관악구,서울시 관악구 신림동 96-87
199,개봉점,서울특별시,구로구,"서울특별시 구로구 고척로27길 58, 1층(개봉동)"
200,신정점,서울특별시,양천구,"서울특별시 양천구 신정로11길 62, 1층(신정동, 유광빌딩)"
201,화곡1점,서울특별시,강서구,"서울특별시 강서구 가로공원로 233  101(화곡동,뉴파인아파트상가1층)"
202,개봉2점,서울특별시,구로구,서울특별시 구로구 개봉동 357-22
203,한마을점,서울특별시,구로구,서울특별시 구로구 경인로 377-1 (고척동)
204,오류점,서울특별시,구로구,서울특별시 구로구 오류동 27-37
205,가좌점,인천광역시,서구,인천시 서구 가좌동 142-45
206,신현점,인천광역시,서구,인천시 서구 신현동 279-5
207,청라점,인천광역시,서구,인천 서구 연희동 763-19
208,하늘도시점,인천광역시,중구,"인천광역시 중구 은하수로 351, 2동 103호 (중산동, 우미린1차상가)"
209,연희점,인천광역시,서구,인천 서구 승학로 313-1
210,온수점,인천광역시,강화군,인천 강화군 강화읍 길상면 온수리 538-10
211,검단점,인천광역시,서구,인천 서구 검단로 487번길 5
212,마전점,인천광역시,서구,인천 서구 완정로 34번길 47
213,만수2점,인천광역시,남동구,"인천 남동구 백범로 206번길 13(만수동 ,1층)"
214,만수1점,인천광역시,남동구,인천 남동구 만수동 932-3
215,만수3점,인천광역시,남동구,인천광역시 남동구 만수6동 1026-1
216,주안4점,인천광역시,남구,인천시 남구 주안4동 414-32
217,주안점,인천광역시,남구,인천 남구 주안8동 1528-14
218,구월3점,인천광역시,남동구,인천시 남동구 구월동 1359-20
219,연안점,인천광역시,중구,인천 중구 항동7가 58-4 라이프상가 1-107
220,용현점,인천광역시,남구,인천광역시 남구 용현동 342-2
221,송림3점,인천광역시,동구,인천시 동구 송림동 60-31
222,송림점,인천광역시,동구,인천 동구 송림2동 55-1
223,송도점,인천광역시,연수구,인천시 연수구 컨밴시아대로 42번길 12
224,동춘점,인천광역시,연수구,인천광역시 연수구 연수동 610-2
225,인천논현점,인천광역시,남동구,인천광역시 남동구 논고개로 86
226,병방점,인천광역시,계양구,인천시 계양구 병방동 92-26
227,계양점,인천광역시,계양구,인천시 계양구 용종동 214-1 
228,계산점,인천광역시,계양구,인천시 계양구 계산동 932-11
229,효성점,인천광역시,계양구,인천시 계양구 효성동 192-1 (104호)
230,산곡점,인천광역시,부평구,인천시 부평구 산곡동 317-116
231,간석점,인천광역시,남동구,인천 남동구 간석동 113-1번지 102호
232,구월점,인천광역시,남동구,인천 남동구 구월동 1248-44
233,영흥점,인천광역시,웅진,인천시 웅진 영흥 내 6리 1691
234,진두점,인천광역시,옹진군,인천시 옹진군 영흥면 내리 8-200
235,부개점,인천광역시,부평구,인천시 부평구 부개동 140-22
236,삼산점,인천광역시,부평구,인천시 부평구 삼산동440-1삼산타운 1단지 B상가103호
237,부평점,인천광역시,부평구,인천시 부평구 부평동 904-16
238,주안2점,인천광역시,남구,인천광역시 남구 주안2동 550-23
239,동수역점,인천광역시,부평구,인천시 부평구 경인로 887
240,학익점,인천광역시,남구,인천시 남구 학익동665-3
241,연수점,인천광역시,연수구,인천 연수구 연수동 497-7
242,옥련청학점,인천광역시,연수구,인천 연수구 옥련동 367-7
243,육사점,서울특별시,노원구,서울시 노원구 공릉동 공릉사서함 77-5
244,수유화계점,서울특별시,강북구,서울시 강북구 노해로17길 51
245,창5점(쌍용),서울특별시,도봉구,"서울 도봉구 마들로 551, 101동"
246,미아삼거리점,서울특별시,강북구,서울 강북구 월계로 3길 68 2층
247,광희점,서울특별시,중구,"서울특별시 중구 마른내로 163,1층(광희동1가)"
248,연희점,서울특별시,서대문구,서울특별시 서대문구 증가로 34(연희동)
249,보문점,서울특별시,성북구,서울시 성북구 보문로109
250,정릉점,서울특별시,성북구,"서울시 성북구 보국문로 75,102"
251,청구점,서울특별시,중구,"서울시 중구 동호로12길 88(신당동,1층)"
252,서교점,서울특별시,마포구,서울시 마포구 성미산로17길 84
253,방학점,서울특별시,도봉구,서울시 도봉구 방학로 200-20
254,북가좌점,서울특별시,서대문구,서울시 서대문구 북가좌동 347-27
255,경희대점,서울특별시,동대문구,서울시 동대문구 청량리 1동 55-34
256,후암점,서울특별시,용산구,서울시 용산구 동자동 19-33
257,염리점,서울특별시,마포구,서울시 마포구 숭문4길 5
258,도화점,서울특별시,마포구,서울시 마포구 도화1동 25-4
259,이태원점,서울특별시,용산구,서울시 용산구 이태원동 225-60
260,응봉점,서울특별시,성동구,서울시 성동구 응봉동 193-118 1층
261,응암점,서울특별시,은평구,서울시 은평구 응암동 239-18
262,역촌점,서울특별시,은평구,서울시 은평구 역촌동 34-1
263,우이점,서울특별시,강북구,서울시 강북구 우이동 72-65
264,수유점,서울특별시,강북구,서울시 강북구 수유동 310-1
265,번동점,서울특별시,강북구,서울시 강북구 번동 148-42 1층 101호
266,창동점,서울특별시,도봉구,서울시 도봉구 창동 596-1 대우APT 상가 144
267,쌍문점,서울특별시,도봉구,서울시 도봉구 시루봉로2길 66 1층 102호
268,도봉2점,서울특별시,도봉구,서울시 도봉구 도봉동 635-13
269,녹천점,서울특별시,도봉구,서울시 도봉구 창동 38-1 주공17단지상가 101
270,월계미성점,서울특별시,노원구,서울시 노원구 월계동 17 미성상가 103
271,중계주공점,서울특별시,노원구,서울시 노원구 중계동 369-7 중계주공 2단지상가 106
272,공릉점,서울특별시,노원구,서울시 노원구 공릉동 240-235
273,중곡점,서울특별시,광진구,서울시 광진구 중곡동 79-10
274,면목점,서울특별시,중랑구,서울시 중랑구 면목동 657-56
275,신내점,서울특별시,중랑구,서울시 중랑구 신내동 472-3 
276,공릉2점,서울특별시,노원구,서울시 노원구 공릉동 707 공릉 2단지 상가 111
277,중계점,서울특별시,노원구,서울시 노원구 중계동 503 중계그린상가 B-107 
278,상계2점,서울특별시,노원구,"서울시 노원구 동일로215길 81,121(상계동,다상가)"
279,수락산점,서울특별시,노원구,"서울시 노원구 상계동 1110-6 종합상가 103,110,111호"
280,칠금봉방점,충청북도,충주시,충북 충주시 연수동 1245
281,청전점,충청북도,제천시,충북 제천시 숭문로20길 26(의림동)
282,지현점,충청북도,충주시,충북 충주시 사직산8길 22(지현동)
283,제천A점,충청북도,제천시,"충북 제천시 숭의로1길 2, 1층(화산동)"
284,이류점,충청북도,충주시,충북 충주시 대소원면 대소원1길 21
285,용산점,충청북도,충주시,충북 충주시 용정2길 39-1(성남동)
286,영춘점,충청북도,단양군,충북 단양군 영춘면 온달평강로 56
287,연수점,충청북도,충주시,충북 충주시 금릉동 708-2
288,수안보점,충청북도,충주시,충북 충주시 수안보면 장터1길 19
289,부강점,충청북도,충주시,충북 충주시 교현동 1087
290,금가점,충청북도,충주시,충북 충주시 금가면 강수로 335
291,충북혁신도시점,충청북도,진천군,충북 진천군 덕산면 연미로 87-1 상가1층
292,광혜원점,충청북도,음성군,충청북도 음성군 대소면 대청로 15 
293,오창호수공원점,충청북도,청주시,충청북도 청주시 청원구 오창읍 양청리 752-4 102호
294,음성점,충청북도,음성군,충청북도 음성군 음성읍 시장로 43 
295,탑동점,충청북도,청주시,충청북도 청주시 상당구 탑동로1번길 104 
296,괴산점,충청북도,괴산군,충청북도 괴산군 괴산읍 동부리 627-20
297,가경점,충청북도,청주시,충청북도 청주시 흥덕구 풍산로89번길 31 세원아파트 상가 103 
298,봉명점,충청북도,청주시,충청북도 청주시 흥덕구 봉명로149번길 6
299,부윤점,충청북도,음성군,충청북도 음성군 대소면 대동로 515 
300,강서점,충청북도,청주시,충청북도 청주시 흥덕구 서현중로 56 
301,감곡점,충청북도,음성군,충청북도 음성군 감곡면 장감로 189 
302,진천점,충청북도,진천군,충청북도 진천군 진천읍 문화2길 12
303,복대점,충청북도,청주시,충청북도 청주시 흥덕구 성봉로 267 
304,석교점,충청북도,청주시,충청북도 청주시 상당구 영운로 140 
305,금천점,충청북도,청주시,충청북도 청주시 상당구 수영로259번길 64 
306,소라점,충청북도,청주시,충청북도 청주시 상당구 원봉로 25 신라아파트 상가 111호
307,충북덕산점,충청북도,진천군,충청북도 진천군 덕산면 초금로 757-2
308,영동점,충청북도,영동군,충청북도 영동군 영동읍 영산로1길 3 
309,옥천점,충청북도,옥천군,충청북도 옥천군 옥천읍 금장로 113 
310,용산점,충청북도,영동군,충청북도 영동군 용산면 용산로 307
311,배방북수점,충청남도,아산시,충청남도 아산시 배방읍 배방로173번길 20-18 
312,용화점,충청남도,아산시,충청남도 아산시 온중로 20
313,내포점,충청남도,홍성군,충청남도 홍성군 홍북읍 청사로48번길 16 
314,신양점,충청남도,예산군,충청남도 예산군 신양면 청신로 389 
315,동문점,충청남도,서산시,충청남도 서산시 한마음2로 49 
316,서면점,충청남도,서천군,충청남도 서천군 서면 서인로 361
317,석문점,충청남도,당진시,충청남도 당진시 석문면 해명4로3길 34
318,강경점,충청남도,논산시,충청남도 논산시 강경읍 계백로153번길 4 
319,한진포구점,충청남도,당진시,충청남도 당진시 송악읍 한진포구길 27 
320,예산덕산점,충청남도,예산군,충청남도 예산군 덕산면 봉운로 21
321,대천동점,충청남도,보령시,충청남도 보령시 남대천로 73 
322,신평점,충청남도,당진시,충청남도 당진시 신평면 신평로 820
323,온양1동점,충청남도,아산시,충청남도 아산시 번영로 71 
324,논산점,충청남도,논산시,충청남도 논산시 부창로100번길 13-19
325,신암점,충청남도,예산군,충청남도 예산군 신암면 추사로 206
326,서천점,충청남도,서천군,충청남도 서천군 서천읍 충절로29번길 18
327,신정점,충청남도,아산시,충청남도 아산시 온천대로 1333번길 15
328,엄사점,충청남도,계룡시,충청남도 계룡시 엄사면 엄사중앙로 65-10 동아아파트 상가 106호 
329,인주점,충청남도,아산시,충청남도 아산시 인주면 현대로 1032 
330,음암점,충청남도,서산시,충청남도 서산시 음암면 상홍리 155-3 우리아파트상가 
331,당진1점,충청남도,당진시,충청남도 당진시 밤절로 103
332,웅천점,충청남도,보령시,충청남도 보령시 웅천읍 장터중앙길 126 
333,안면점,충청남도,태안군,충청남도 태안군 안면읍 장터로 140-1 
334,인지점,충청남도,서산시,충청남도 서산시 인지면 무학로 1728 
335,금산점,충청남도,금산군,충청남도 금산군 금산읍 금산로 1465
336,부여점,충청남도,부여군,충청남도 부여군 부여읍 석탑로 3 
337,신도안점,충청남도,계룡시,충청남도 계룡시 신도안면 신도안1길 61 중부상가 
338,샘마을점,충청남도,아산시,충청남도 아산시 신창면 남성길 99
339,모종점,충청남도,아산시,충청남도 아산시 모종동 577-13 
340,천북점,충청남도,보령시,충청남도 보령시 천북면 하궁길 10
341,공주1점,충청남도,공주시,충청남도 공주시 우금티로 755 2층 
342,해미점,충청남도,서산시,충청남도 서산시 해미면 남문1로 47 
343,모항점,충청남도,태안군,충청남도 태안군 소원면 모항파도로 113 
344,원북점,충청남도,태안군,충청남도 태안군 원북면 원이로 841-4 
345,명지점,충청남도,서산시,충청남도 서산시 대산읍 물안1로 123 
346,두정2점,충청남도,천안시,충청남도 천안시 서북구 두정역서1길 4-12 다온빌리지 1층상가 
347,목천점,충청남도,천안시,충청남도 천안시 동남구 목천읍 교천지산길 16 
348,장재점,충청남도,아산시,충청남도 아산시 배방읍 연화로 36 연화마을8단지 상가2동 104호 
349,성거점,충청남도,천안시,충청남도 천안시 서북구 성거읍 송남리 585
350,초원점,충청남도,아산시,충청남도 아산시 음봉면 음봉로681번길 24 초원아파트109-101호 
351,신방점,충청남도,천안시,충청남도 천안시 동남구 수곡2길 5 
352,청수점,충청남도,천안시,충청남도 천안시 동남구 풍세로 932 
353,입장점,충청남도,천안시,충청남도 천안시 서북구 입장면 입장로 121 초원상가6-103호 
354,쌍용봉명점,충청남도,천안시,충청남도 천안시 서북구 봉서5길 18 
355,백석점,충청남도,천안시,"충청남도 천안시 서북구 백석4길 12, 103호"
356,쌍용월봉점,충청남도,천안시,충청남도 천안시 서북구 월봉4로 140-16 월봉태영아파트상가 107호 
357,쌍용능수점,충청남도,천안시,충청남도 천안시 서북구 쌍용16길 54-1 
358,북면중앙점,충청남도,천안시,충청남도 천안시 동남구 북면 상동리 86-14 중앙아파트 상가 16호 
359,성환점,충청남도,천안시,충청남도 천안시 서북구 성환읍 성환중앙로 47 
360,직산점,충청남도,천안시,충청남도 천안시 서북구 성거읍 봉주로 111 
361,차암공단점,충청남도,천안시,충청남도 천안시 서북구 직산읍 2공단5로 169 대림상가 105호 
362,두정1점,충청남도,천안시,충청남도 천안시 서북구 늘푸른5길 22 골드프라자 110호 
363,성정점,충청남도,천안시,충청남도 천안시 서북구 서부16길14
364,신부점,충청남도,천안시,충청남도 천안시 동남구 터미널2로 29 
365,남부점,충청남도,천안시,충청남도 천안시 동남구 풍세로 769-28
366,10단지점,충청남도,천안시,충청남도 천안시 서북구 봉서산샛길 64 상가102호 
367,효자점,전라북도,전주시,전북 전주시 완산구 성지산로 61-4 
368,조촌점,전라북도,군산시,전북 군산시 조촌로 68 (조촌동)
369,정읍수성점,전라북도,정읍시,전북 정읍시  중앙로95(수성동)
370,익산영등점,전라북도,익산시,전북 익산시 고봉로22길 31 (영등동)
371,수송점,전라북도,군산시,전북 군산시 월명로 305(수송동)
372,산북소룡점,전라북도,군산시,전북 군산시 칠성안1길 17(산북동 104호)
373,미장점,전라북도,군산시,전북 군산시 미장남로 36(미장동)
374,미룡군산대점,전라북도,군산시,전북 군산시 미제1길 6(미룡동)
375,만경점,전라북도,김제시,전북 김제시 만경읍 만경로 804
376,나운지곡점,전라북도,군산시,전북 군산시 신평길 33-2(지곡동)
377,나운1점,전라북도,군산시,전북 군산시 상나운로 86(나운동)
378,김제점,전라북도,김제시,전북 김제시 동서로 133(요촌동)
379,김제신풍점,전라북도,김제시,전북 김제시 검산택지5길 21-7(검산동)
380,회진점,전라남도,장흥군,전남 장흥군 회진면 회진중앙길 16-19
381,홍농점,전라남도,영광군,전남 영광군 홍농읍 홍농로 457-9
382,현산점,전라남도,해남군,전남 해남군 현산면 탑동리길 5(6)
383,해남화원점,전라남도,해남군,전남 해남군 화원면 금평리 236-3
384,해남점,전라남도,해남군,전남 해남군 해남읍 해남로 4
385,한라삼호점,전라남도,영암군,전남 영암군 삼호읍 신항로 80(2층)
386,하당점,전라남도,목포시,전남 목포시 하당로30번길 12(상동)
387,퀸스빌점,전라남도,영암군,전남 영암군 삼호읍 삼호중앙로 129 (퀸스빌2차아파트 상가 101동 102호)
388,창평점,전라남도,담양군,전남 담양군 창평면 의병로 137
389,진도점,전라남도,진도군,전남 진도군 진도읍 남동리 쌍정2길 30
390,진도녹진점,전라남도,진도군,전남 진도군 군내면 진도대로 8444
391,중동점,전라남도,광양시,전남 광양시 진등길 10(중동)
392,용해점,전라남도,목포시,전남 목포시 용당로 271-1(용해동)
393,오성점,전라남도,광양시,전남 광양시 광양읍 대림오성로 112
394,영광점,전라남도,영광군,전남 영광군 영광읍 중앙로2길 12-15
395,연향점,전라남도,순천시,"전남 순천시 연향 번영 6길 10, 1층(연향동)"
396,압해도,전라남도,신안군,전남 신안군 압해면 압해로 889
397,안좌도점,전라남도,신안군,"전남 신안군 안좌면 김환기길 1-2,1층"
398,신안인스빌점,전라남도,목포시,"전남 목포시 삼학로 363, 상가동 113호(용해동)"
399,순천대학점,전라남도,순천시,"전남 순천시 중앙로 270,1층(석현동)"
400,송지점,전라남도,해남군,전남 해남군 송지면 산정1길 92
401,선원무선점,전라남도,여수시,전남 여수시 무선중앙로 64(선원동)
402,서면용당점,전라남도,순천시,전남 순천시 서면 강청길 88(1층)
403,상동점,전라남도,목포시,전남 목포시 상리로1번길 16(상동)
404,산정점,전라남도,목포시,전남 목포시 고하대로 656(산정동)
405,법성점,전라남도,영광군,전남 영광군 법성면  연우로4(법성리)
406,미평점,전라남도,여수시,전남 여수시 미평로 52 1층(미평동)
407,문수점,전라남도,여수시,전남 여수시 문수로 72(문수동)
408,무안점,전라남도,무안군,"전남 무안군 무안읍 면성2길 55(3,4)"
409,동정점,전라남도,여수시,전남 여수시 하멜로 18(고소동)
410,돌산점,전라남도,여수시,전남 여수시 돌산읍 강남8길 30(돌산1차청솔아파트 상가동 102호)
411,도초비금점,전라남도,신안군,전남 신안군 도초면 불섬길 85-12
412,덕양점,전라남도,여수시,전남 여수시 소라면 주삼덕양로 3
413,대불점,전라남도,영암군,전남 영암군 삼호읍 대불주거1로5길 17
414,담양대치점,전라남도,담양군,전남 담양군 대전면 추성1로 162
415,남창점,전라남도,해남군,전남 해남군 북평면 볼무당길 5
416,남악점,전라남도,무안군,"전남 무안군 삼향읍 남악5로46번길 22, 111호(황금먹거리장터)"
417,국동점,전라남도,여수시,전남 여수시 국동 994-3
418,광영점,전라남도,광양시,전남 광양시 광영로 97(광영동)
419,광양점,전라남도,광양시,전남 광양시 광양읍 호북길22
420,곡성점,전라남도,곡성군,전남 곡성군 곡성읍 중앙로 141
421,거문도점,전라남도,여수시,전남 여수시 삼산면 삼호교길 8(제1호)
422,강진점,전라남도,강진군,전남 강진군 강진읍 영랑로3길 10
423,매곡월드점,울산광역시,북구,"울산광역시 북구 매산로 35, 101호(매곡동, 매곡동월드프라자)"
424,천곡점,울산광역시,북구,"울산광역시 북구 관문길 6-1, 지상1층(천곡동)"
425,쌍용아진점,울산광역시,북구,"울산광역시 북구 신답로40, 102(상안동,지팝프라자)"
426,호계점,울산광역시,북구,울산 북구 호계동 255-8
427,화봉점,울산광역시,북구,울산광역시 북구 두부곡 7길 1
428,서동점(울산),울산광역시,중구,"울산 중구 병영성 3길 9(서동,1층)"
429,반구점,울산광역시,중구,울산 중구 화합로 395(반구동)
430,학성점,울산광역시,중구,울산 중구 학성동 189-1
431,중구점,울산광역시,중구,"울산광역시 중구 동헌길 79, 1층(교동)"
432,태화점,울산광역시,중구,울산 중구 신기2길 4(태화동)
433,다운점,울산광역시,중구,울산광역시 중구 운곡8길 48(다운동)
434,구영현대점,울산광역시,울주군,"울산광역시 울주군 범서읍 점촌4길 37,2호(현대1차상가)"
435,천상점,울산광역시,울주군,울산 울주군 범서읍 천상2길 15
436,무거점,울산광역시,남구,"울산광역시 남구 신복로 13, 1층(무거동)"
437,옥동점,울산광역시,남구,울산광역시 남구 문수로 369번길 10-1(옥동)
438,명촌점,울산광역시,북구,"울산광역시 북구 명촌로 81, 1층(명촌동)"
439,양정점,울산광역시,북구,"울산광역시 북구 염포로 555(양정동,1층)"
440,성내점,울산광역시,북구,울산 북구 염포동 997-17
441,남목점,울산광역시,동구,울산 동구 미포2길 50(동부동)
442,전하1호점,울산광역시,동구,"울산광역시 동구 전하로 8, 1층(전하동"
443,일산점,울산광역시,동구,울산광역시 동구 방어진순환도로 709(일산동)
444,방어진점,울산광역시,동구,울산광역시 동구 동진2길 17(방어동)
445,삼산점,울산광역시,남구,울산 남구 삼산동 삼산중로 114번로 23
446,달동점,울산광역시,남구,울산 남구 삼산로 254번길 23
447,신정1호점,울산광역시,남구,울산광역시 남구 월평로 69(신정동)
448,봉월점,울산광역시,남구,울산광역시 남구 봉월로 8번길 17(신정동)
449,야음점,울산광역시,남구,울산 남구 야음동 459-52
450,야음변전소점,울산광역시,남구,울산광역시 남구 처용로 26번길 10(야음동)
451,덕하점,울산광역시,울주군,울산광역시 울주군 청량면 삼정로 769
452,덕신점,울산광역시,울주군,"울산광역시 울주군 온산읍 신온8길 18, 1층 102호"
453,남창점,울산광역시,울주군,"울산 울주군 온양읍 온양로 155,1층"
454,나사리점,울산광역시,울주군,울산광역시 울주군 서생면 나사해안길 61-1
455,훼미리점,울산광역시,울주군,울산 울주군 상북면 궁근정리 846-14 진우훼미리상가 102
456,언양점,울산광역시,울주군,울산 울주군 언양읍 남문길 14
457,중남점,울산광역시,울주군,울산 울주군 삼남면 신화리 1481-15
458,연동점,세종특별자치시,세종시,세종특별자치시 연동면 청연로 655
459,전동점,세종특별자치시,세종시,세종특별자치시 전동면 운주산로 346
460,두구점,부산광역시,금정구,부산광역시 금정구 두구로 47(두구동)
461,남산점,부산광역시,금정구,부산 금정구 남산동 27-50
462,부산외대점,부산광역시,금정구,부산광역시 금정구 남산로 2-1(남산동)
463,명륜점,부산광역시,동래구,"부산광역시 동래구 시실로 50-4, 1층(명륜동,광일빌딩)"
464,길천점,부산광역시,기장군,부산 기장군 장안읍 길천리 224-5
465,좌천점,부산광역시,기장군,부산 기장군 장안읍 좌천리 202-6
466,일광점,부산광역시,기장군,부산광역시 기장군 일광면 삼성리 33-1
467,기장점,부산광역시,기장군,부산광역시 기장군 기장읍 차성로 288번길 66
468,반송본점,부산광역시,해운대구,부산광역시 해운대구 반송동 62-344
469,서동점(부산),부산광역시,금정구,부산 금정구 서동 205-13
470,명장2호점,부산광역시,동래구,"부산광역시 동래구 반송로 339번길 8, 1동 101호(명장동,협진태양아파트상가)"
471,강동점,부산광역시,강서구,부산 강서구 강동동 112-4
472,공항점,부산광역시,강서구,부산광역시 강서구 공항로 811번길 65(대저2동)
473,덕포1호점,부산광역시,사상구,부산광역시 사상구 사상로 326(덕포동)
474,감전점,부산광역시,사상구,부산 사상구 새벽로 167번길 8(감전동)
475,스마트W개금점,부산광역시,부산진구,"부산광역시 부산진구 가야대로 411, 1층 105호(개금동,개금역스마트더블유)"
476,개금엘지점,부산광역시,부산진구,"부산광역시 부산진구 백양대로 309(개금동,(1층))"
477,개금주공점,부산광역시,부산진구,"부산광역시 부산진구 백양대로 136번길 37-9,1층(당감동,당평교회)"
478,금곡점,부산광역시,북구,"부산광역시 북구 금곡대로 470번길 35,105(금곡동,유림상가)"
479,화명점,부산광역시,북구,부산 북구 화명1동 1130-9
480,구포시장점,부산광역시,북구,부산광역시 북구 구포시장길 44(구포동)
481,구포3호점,부산광역시,북구,부산광역시 북구 시랑로 72-1(구포동)
482,덕천점,부산광역시,북구,부산 북구 덕천동 의성로 115번길 3
483,만덕점,부산광역시,북구,부산 북구 만덕2로 32(만덕동)
484,온천장본점,부산광역시,동래구,부산광역시 동래구 금강로 90(온천동)
485,장전점,부산광역시,금정구,부산광역시 금정구 금정로 149번길 8(장전동)
486,미남점,부산광역시,동래구,"부산광역시 동래구 여고북로 109 (온천동,1층)"
487,사직국민시장점,부산광역시,동래구,"부산광역시 동래구 사직북로 63번길 33-1,1층(사직동)"
488,사직운동장점,부산광역시,동래구,"부산광역시 동래구 여고로 7, 1층(사직동)"
489,거제점,부산광역시,연제구,부산 연제구 아시아드대로 46번길 7(거제동)
490,연산본점,부산광역시,연제구,부산광역시 연제구 쌍미천로 126(연산동)
491,망미배산점,부산광역시,연제구,부산 연제구 망미1동 831-26번지
492,전포점,부산광역시,부산진구,"부산 부산진구 전포동 전포대로294,2-101(전포동한신상가)"
493,범천점,부산광역시,진구,부산광역시 진구 범천1동 850-1
494,문현2호점,부산광역시,남구,부산광역시 남구 전포대로 77번길 9-2(문현동)
495,못골점,부산광역시,남구,부산 남구 대연동 1604-8
496,문현점,부산광역시,남구,부산 남구 문현동 351-6
497,감만점,부산광역시,남구,부산 남구 감만동 146-1
498,대연본점,부산광역시,남구,부산광역시 남구 석포로 79(대연동)
499,용호시장점,부산광역시,남구,"부산광역시 남구 용호로 190, 1층(용호동)"
500,용호점,부산광역시,남구,부산광역시 남구 동명로 121(용호동)
501,메트로시티점,부산광역시,남구,"부산광역시 남구 신선로 566, 401동 152호(용호동,GS하이츠자이)"
502,경성부경대점,부산광역시,남구,부산 남구 대연3동 555-7
503,대연1호점,부산광역시,남구,부산 남구 대연동 290-11
504,남천점,부산광역시,수영구,"부산광역시 수영구 남천동로9번길 4, 1층(남천동)"
505,광안점,부산광역시,수영구,부산 수영구 광안동  537-2 
506,수비점,부산광역시,해운대구,"부산광역시 해운대구 해운대로 383번 가길 19, 101호(우동, 삼진그린아파트상가)"
507,송정점,부산광역시,해운대구,부산 해운대구 송정동 200-19
508,신도시2호점,부산광역시,해운대구,부산 해운대구 좌동 1288 대동타운분산상가 203
509,우동1호점,부산광역시,해운대구,부산 해운대구 우동1로 58(우동)
510,수영점,부산광역시,수영구,부산광역시 수영구 수영로 725번길 14(수영동)
511,민락점,부산광역시,수영구,"부산 수영구 민락동 110-8 롯데캐슬자이언트아파트상가
 107-115"
512,망미점,부산광역시,수영구,부산광역시 수영구 구락로 85-2
513,재송점,부산광역시,해운대구,부산광역시 해운대구 재송1로 54
514,장산점,부산광역시,해운대구,부산 해운대구 반여동 재반로 242번길 20
515,반여점,부산광역시,해운대구,부산광역시 해운대구 반여로 167번길 70(반여동)
516,안락점,부산광역시,동래구,부산광역시 동래구 충렬대로 428번길 50(안락동)
517,연산토곡점,부산광역시,연제구,부산광역시 연제구 과정로 269-1(연산동)
518,학장점,부산광역시,사상구,부산 사상구 학장동 574-111 삼성아파트상가 1-102
519,엄궁점,부산광역시,사상구,"부산광역시 사상구 엄궁북로 40, (엄궁동,롯데캐슬리버)"
520,명지오션점,부산광역시,강서구,부산 강서구 명지동 롯데캐슬상가 B동 102호
521,하단1호점,부산광역시,사하구,"부산광역시 사하구 하신번영로 360(하단동, 1층 우측)"
522,가락새신평점,부산광역시,사하구,부산 사하구 하신번영로 171(신평동) 31
523,장림점,부산광역시,사하구,부산 사하구 장림동 604-209
524,다대자유점,부산광역시,사하구,"부산광역시 사하구 다대로 617, 상가동 102호(다대동, 자유아파트)"
525,다대점,부산광역시,사하구,부산광역시 사하구 다대로 397(다대동)
526,신평점,부산광역시,사하구,부산 사하구 신평1동 33-168  24/1
527,당리점,부산광역시,사하구,부산 사하구 당리동 324-27
528,괴정1호점,부산광역시,사하구,부산 사하구 까치고개로 10(괴정동)
529,동해점,부산광역시,서구,부산 서구 남부민동 33-6 흥아맨션 307호 
530,감천점,부산광역시,사하구,"부산광역시 사하구 감천로 111, 1층(감천동)"
531,동삼점,부산광역시,영도구,부산광역시 영도구 동삼로 77(동삼동)
532,청학점,부산광역시,영도구,"부산광역시 영도구 청학로 32, 4층 2호(청학동)"
533,초량본점,부산광역시,동구,부산 동구 초량동 460-5 
534,수정1호점,부산광역시,동구,부산광역시 동구 수정로 18(수정동)
535,범천2호점,부산광역시,부산진구,"부산광역시 부산진구 가야대로 702, 101동 103호(범천동, 서면 e-편한세상상가)"
536,주례점,부산광역시,사상구,부산 사상구 가야대로 306번길 69(주례동)
537,가야점,부산광역시,부산진구,부산 부산진구 가야대로 589번길 3(가야동)
538,당감1호점,부산광역시,부산진구,부산광역시 부산진구 백양순환로 105(부암동)
539,부암점,부산광역시,부산진구,"부산광역시 부산진구 시민공원로 19번길 38-6(부암동,1층)"
540,하마정점,부산광역시,부산진구,부산 부산진구 양정동 447-9
541,한남대점,대전광역시,대덕구,대전 대덕구 한남로 28 
542,어은점,대전광역시,유성구,대전 유성구 어은로48번길 9-5 
543,법동점,대전광역시,대덕구,대전 대덕구 계족로663번길 23 
544,신탄로하스점,대전광역시,대덕구,대전 대덕구 대덕대로 1583 
545,신성점,대전광역시,유성구,대전 유성구 신성로62번길 38
546,원신흥점,대전광역시,유성구,대전 유성구 원신흥남로 58
547,비래가양점,대전광역시,대덕구,대전 대덕구 우암로 412
548,부사점,대전광역시,중구,대전 중구 대종로316번길 2
549,둔산녹원점,대전광역시,서구,대전 서구 계룡로491번길 28
550,둔산타임월드점,대전광역시,서구,대전 서구 갈마역로 10
551,전민점,대전광역시,유성구,대전 유성구 전민로38번길 33
552,도마점,대전광역시,서구,대전 서구 도솔로 137
553,관평점,대전광역시,유성구,대전 유성구 테크노1로 12-22
554,월평3점,대전광역시,서구,대전 서구 월평중로 50
555,성남점,대전광역시,동구,대전 동구 성남로 28
556,둔산1점,대전광역시,서구,대전 서구 둔산북로 175
557,중리점,대전광역시,대덕구,대전 대덕구 중리남로 48
558,송촌2점,대전광역시,대덕구,대전 대덕구 동춘당로54번길 40-6
559,갈마점,대전광역시,서구,대전 서구 갈마중로7번길 29
560,신인점,대전광역시,동구,대전 동구 계족로 87
561,신탄1점,대전광역시,대덕구,대전 대덕구 덕암로 222
562,용운점,대전광역시,동구,대전 동구 용운로147번길 123
563,보문점,대전광역시,중구,대전 중구 충무로 73
565,대화점,대전광역시,대덕구,대전 대덕구 동심1길 172
566,관저1점,대전광역시,서구,대전 서구 도안남로 148
567,한밭점,대전광역시,중구,대전 중구 보문산로 31
568,태평점,대전광역시,중구,대전 중구 수침로55번길 7
569,용두점,대전광역시,중구,대전광역시 중구 중앙로 13번길 63
570,목동점,대전광역시,중구,대전광역시 중구 목중로19번길 7
571,송촌1점,대전광역시,대덕구,대전광역시 대덕구 계족로690번길 21 선비마을1단지상가 104
572,노은1점,대전광역시,유성구,대전광역시 유성구 은구비로 18
573,장대점,대전광역시,유성구,대전광역시 유성구 문화원로14번길 9
574,월평1점,대전광역시,서구,대전광역시 서구 월평새뜸로8번길 50
575,괴정점,대전광역시,서구,대전광역시 서구 도산로369번길 91
576,산호점,대전광역시광역시,서구,대전광역시광역시 서구 계룡로571번길 65 상가 103호
577,둔산삼천점,대전광역시광역시,서구,대전광역시광역시 서구 둔산북로 215
578,하남점,광주광역시,광산구,광주광역시 광산구 월곡반월로 28(월곡동 1동)
579,풍암금호점,광주광역시,서구,"광주 서구 풍금로 39, 1층 101호(풍암동)"
580,주월점,광주광역시,남구,광주 남구 서문대로 749번길 15-1(주월동)
581,일곡점,광주광역시,북구,광주 북구 설죽로 585-1(일곡동)
582,운암동림점,광주광역시,북구,광주 북구 운암1동 930-8
583,용두.첨단2지구점,광주광역시,북구,광주광역시 북구 임방울대로1041번길 24(용두동 1층)
584,송하풍암점,광주광역시,남구,광주 남구 송하동 258-7
585,송정점,광주광역시,광산구,"광주광역시 광산구 송도로 319, 1층(송정동)"
586,문흥1점,광주광역시,북구,광주 북구 대천로 139번길 8-7(문흥동)
587,두암타운점,광주광역시,동구,광주 동구 산수동 밤실로 147 (두암타운상가 105호)
588,천마점,경상북도,경주시,경북 경주시 외동읍 구어리 171번지
589,모동점,경상북도,상주시,경북 상주시 모동면 용호1길 25
590,영주1호점,경상북도,영주시,경북 영주시 대학로 261번길 36(가흥동)
591,안계점,경상북도,의성군,경북 의성군 안계면 안계길 118
592,신안점,경상북도,안동시,경북 안동시 안막동 69-9
593,옥동점,경상북도,안동시,경북 안동시 옥동768-1 세영APT 상가동 104호
594,단촌점,경상북도,의성군,경북 의성군 단촌면 하화리 1123-3
595,금성점,경상북도,의성군,경북 의성군 금성면 대리 63-1
596,의성점,경상북도,의성군,경북 의성군 의성읍 후죽리185-5
597,의성역점,경상북도,의성군,경북 의성군 의성읍 후죽리 477-2
598,성동점,경상북도,상주시,경북 상주시 성동 193 - 3 번지
599,낙양점,경상북도,상주시,경북 상주시 낙양동 199-1
600,사벌점,경상북도,상주시,경북 상주시 사벌면 덕담리 444
601,청리점,경상북도,상주시,경북 상주시 청리면 원장리858-3
602,휴천점,경상북도,영주시,경북 영주시 영주로 330번길 56(휴천동)
603,진보점,경상북도,청송군,경북 청송군 진보면 진안79-2
604,점촌점,경상북도,문경시,경북 문경시 모전동 52-9
605,예천점,경상북도,예천군,경북 예천군 예천읍 효자로 65
606,법원점,경상북도,포항시,경상북도 포항시 북구 법원로 154 (양덕동)
607,평해점,경상북도,울진군,경북 울진군 평해읍 평해리 58 2층
608,황성점,경상북도,경주시,경북 경주시 용담로 116번길  61-5    103동  101호 신흥2차
609,시래점,경상북도,경주시,경북 경주시 구매3길 28(시래동)
610,안강점,경상북도,경주시,경북 경주시 안강읍 양월5리1199-14
611,보문점,경상북도,경주시,경북 경주시 신평동 150-9
612,황오점,경상북도,경주시,경북 경주시 황오동 원효로 174
613,천북점,경상북도,경주시,경북 경주시 천북면 오야리 한백길70-18
614,영덕점,경상북도,영덕군,경북 영덕군 영덕읍 남석1리  148
615,영천점,경상북도,영천시,경북 영천시 야사동 283-38
616,오천점,경상북도,포항시,경북 포항시 남구오천읍용덕리322-15
617,연일점,경상북도,포항시,경북 포항시 남구 연일읍 동문로21번길 45
618,동해점,경상북도,포항시,경북 포항시 남구동해면 약전1리291-1
619,효자점,경상북도,포항시,경북 포항시 남구 효자동 308-16
620,해도점,경상북도,포항시,경북 포항시 해도2동31-4
621,흥해점,경상북도,포항시,경북 포항시 북구 흥해읍 흥해로 21
622,환호점,경상북도,포항시,경북 포항시 북구환호동512-7
623,기계점,경상북도,포항시,경북 포항시 북구 기계면 현내리 404-5
624,감포점,경상북도,경주시,경북 경주시 감포읍 감포리 50-2
625,건천점,경상북도,경주시,경북 경주시 건천읍 단석로 1995-2번지
626,죽도점,경상북도,포항시,경북 포항시 북구 죽도로28번길 52(죽도동)
627,달전점,경상북도,포항시,경북 포항시 북구 흥해읍 달전로 365
628,북면점,경상북도,울진군,경북 울진군 북면 덕구온천로 28
629,청통점,경상북도,영천시,경북 영천시 청통로 116
630,용강점,경상북도,경주시,경북 경주시 승삼3길 18-1(용강동)
631,충효점,경상북도,경주시,경북 경주시 충효녹지길 128-9(충효동)
632,아화점,경상북도,경주시,경북 경주시 서면 내서로 406
633,신암점,대구광역시,동구,대구광역시 동구 신암4동612-53
634,성주점,경상북도,성주군,경북 성주군 성주읍 성산리 2098-2번지
635,선남점,경상북도,성주군,경북 성주군 선남면 관화리670-3
636,진량점,경상북도,경산시,경북 경산시 진량읍 신상리 205-1
637,사동점,경상북도,경산시,경북 경산시 원효로 36길 22
638,범물2호점,대구광역시,수성구,대구광역시 수성구 범물동1369-11
639,두산들안점,대구광역시,수성구,대구광역시 수성구 들안로20길 41
640,효신점,대구광역시,동구신천4동436-7,대구광역시 동구신천4동436-7
641,범어점,대구광역시,수성구,대구광역시 수성구 범어4동114-1
642,진천사랑점,대구광역시,달서구,대구광역시 달서구 월배로 32-1 진천우체국
643,화원점,대구광역시,달성군,대구광역시 달성군 화원읍 화원로 1길 12
644,상인점,대구광역시,달서구,"대구광역시 달서구 월배로40길 135 (상인동,1층)"
645,대명1호점,대구광역시,남구,대구광역시 남구 대명10동 1645-8
646,논공점,대구광역시,달성군,대구광역시 달성군 논공읍 북리 803-142
647,현풍점,대구광역시,달성군,대구광역시 달성군 현풍면 중리295-1
648,매곡점,대구광역시,달성군,대구광역시 달성군 다사읍 매곡리 1549-1
649,대평리점,대구광역시,서구,대구광역시 서구 평리3동1035-22
650,감삼점,대구광역시,달서구,대구광역시 달서구 감삼동205-12
651,중평점,대구광역시,서구,대구광역시 서구 국채보상로34길12.129-119
652,신천점,대구광역시,동구,대구광역시 동구 신천동633 동신우방상가108-108
653,방촌점,대구광역시,동구,대구광역시 동구 방촌동902-7 현대상가
654,시지1호점,대구광역시,수성구,대구광역시 수성구 노변공원로1길 6-5(시지동)
655,두류내당점,대구광역시,달서구,"대구광역시 달서구 야외음악당로 163, 1충(두류동)"
656,대명계대점,대구광역시,남구,대구광역시 남구 대명3동2262-47번지
657,명곡점,대구광역시,달성군,대구광역시 달성군 화원읍 상암로71201호2층
658,죽곡점,대구광역시,달성군,대구광역시 달성군 다사읍 대실역남로 4길 30-26
659,파동점,대구광역시,수성구,대구광역시 수성구 파동로 192
660,산격점,대구광역시,북구,대구광역시 북구 대동로 45(산격동)
661,동명점,경상북도,칠곡군,경북 칠곡군 동명면 금암중앙길 42
662,삼청공단점,경상북도,칠곡군,경북 칠곡군 왜관읍 삼청리410-32
663,왜관점,경상북도,칠곡군,경북 칠곡군 왜관읍왜관리774
664,석적중리점,경상북도,칠곡군,경북 칠곡군 석적읍 중리201-10
665,용산점,대구광역시,달서구,대구광역시 달서구 성지로18길 10-4. 1층(용산동)
666,서재점,대구광역시,달성군,대구광역시 달성군 다사읍 서재리 서재로 108
667,성서1호점,대구광역시,달서구,대구광역시 달서구 이곡동 752-19
668,고아점,경상북도,구미시,경북 구미시 고아읍 오로리 460-1에덴상가 203호
669,옥계점,경상북도,구미시,경북 구미시 구포동671-2
670,산동점,경상북도,구미시,경북 구미시 산동면 강동로 1028-6
671,진평점,경상북도,구미시,경북 구미시 진평동458
672,구미1호점,경상북도,구미시,경북 구미시 신평1동150-17
673,상모점,경상북도,구미시,경북 구미시 상사서로 92(상모동.마동1층)
674,원평점,경상북도,구미시,경북 구미시 남통동14-44
675,도량점,경상북도,구미시,경북 구미시 도량동245-2
676,원호점,경상북도,구미시,경북 구미시 고아읍 원호리 449번지
677,대곡점,경상북도,김천시,경북 김천시 부곡동 990-1
678,직지점,경상북도,김천시,경북 김천시 대항면복전리548-32
679,신음점,경상북도,김천시,경북 김천시 신음동1302-5
680,침산점,대구광역시,북구,대구광역시 북구 침산동456-7침산2지구아파트101-12
681,인의황상점,경상북도,구미시,경북 구미시 여헌로14길 10
682,덕곡율곡점,경상북도,김천시,"경북 김천시 아포대로 22, 외2필지(덕곡동)"
683,증산점,경상북도,김천시,경북 김천시 증산면 유성리 254-7
684,아포점,경상북도,김천시,경북 김천시 아포읍 국사리 1047번지102호
685,지좌점,경상북도,김천시,경북 김천시 황산2길 36 (지좌동)
686,팔달점,대구광역시,서구,대구광역시 서구 서대구로68길 58(비산동)
687,칠곡2지구점,대구광역시,북구,대구광역시 북구 구암동 684-5
688,태전점,대구광역시,북구,"대구광역시 북구 칠곡중앙대로53길32,상가동107호"
689,금호샛별점,대구광역시,북구,대구광역시 북구 한강로 6길3.1층(사수동)
690,회원1동점,경상남도,창원시,경남 창원시 마산회원구 회원동 29-15
691,호계점,경상남도,창원시,"경상남도 창원시 마산회원구 내서읍 광려천북로 208, 103호(화인상가)"
692,합천점,경상남도,합천군,"경남 합천군 합천읍 옥산로 57-1, 1층"
693,합성점,창원시,마산시,창원시 마산회원구 합성동 322-42
694,함안점,경상남도,함안군,경남 함안군 함안면 북촌2길 64
695,한일점,창원시,마산시,창원시 마산회원구 양덕남1길 34(양덕동)
696,하동점,경상남도,하동군,경남 하동군 하동읍 중앙2길 10-4
697,팔용점,창원시,의창구,창원시 의창구 팔용동 194-7 1층
698,통영1점,경상남도,통영시,"경남 통영시 중앙로 255, 103호(북신동,동우상가동)"
699,태룡점,밀양시,단장면,밀양시 단장면 태룡리 407-5
700,칠원점,경상남도,함안군,경남 함안군 칠원읍 구성길 3
701,창선점,경상남도,남해군,경남 남해군 창선면 상죽리 131
702,진성점,경상남도,진주시,"경남 진주시 진성면 동부로 1348, 2층"
703,진교점,경상남도,하동군,경상남도 하동군 진교면 민다리길 62-4(2호)
704,지산점,창원시,마산합포구,창원시 마산합포구 진북면 지산리 250-16
705,지곡점,경상남도,함양군,경남 함양군 지곡면 병곡지곡로 963-1
706,중앙점,경상남도,진주시,"경남 진주시 진주대로 1022-1, 1층(동성동)"
707,주공점,경상남도,거제시,"경남 거제시 성산로 20, 1층(옥포동, 무지개타운상가)"
708,제일점,경상남도,밀양시,경상남도 밀양시 밀양대로 1781-1(삼문동)
709,장평점,경상남도,거제시,경남 거제시 장평동 626-8
710,자은점,창원시,진해구,창원시 진해구 자은동 975-12 1층 102호
711,자산점,창원시,마산합포구,창원시 마산합포구 자산동 189-3
712,일반성점,경상남도,진주시,경남 진주시 일반성면 창촌리 47-1
713,위천점,경상남도,거창군,경남 거창군 위천면 장기리 418-18
714,웅천점,창원시,진해구,창원시 진해구 북부동 560-4 대풍연립 101
715,웅양점,경상남도,거창군,경남 거창군 웅양면 웅양로 1428
716,용현점,경상남도,사천시,경상남도 사천시 용현면 진삼로 626
717,용원점,창원시,진해구,창원시 진해구 용원동 1206 현대아파트상가  109
718,옥포점,경상남도,거제시,경남 거제시 옥포동 546-18
719,옥수점,경상남도,거제시,경남 거제시 능포동 717-2
720,안정점,경상남도,통영시,"경남 통영시 광도면 안정로 791, 2(1층)"
721,안의점,경상남도,함양군,경남 함양군 안의면 금천리 160-5
722,신월점,경상남도,창원시,"경상남도 창원시 의창구 창이대로570번길 13-3, 1층 107호(신월동)"
723,신반점,경상남도,의령군,경남 의령군 부림면 신반리 168-9
724,수월점,경상남도,거제시,"경상남도 거제시 수양로 494, 1층 101(일부)호(양정동)"
725,수산점,경상남도,밀양시,경상남도 밀양시 하남읍 시서상가길 11
726,수동점,경상남도,함양군,경남 함양군 수동면 화산리 1201-6
727,서포점,경상남도,사천시,경남 사천시 서포면 구평리 640-5
728,서상점,경상남도,함양군,경남 함양군 서상면 서상로 263
729,상봉점,경상남도,진주시,경남 진주시 북장대로 81번길 11(상봉동)
730,삼랑진점,경상남도,밀양시,경남 밀양시 삼랑진읍 만어로 8-4 1층
731,삼계점,창원시,마산시,창원시 마산회원구 내서읍 삼계리 637번지
732,삼가점,경상남도,합천군,경남 합천군 삼가면 삼가중앙길 21-18
733,산호점,경상남도,창원시,경상남도 창원시 마산합포구 산호남로 6(산호동)
734,산청점,경상남도,산청군,경상남도 산청군 산청읍 친환경로 2668
735,산복점,경상남도,창원시,"경남 창원시 마산회원구 회원남로 14(회원동, 102호)"
736,사파점,경상남도,창원시,"경상남도 창원시 성산구 창이대로663번길 5, 102-1호(사파동,미남빌딩)"
737,사곡점,경상남도,거제시,"경상남도 거제시 사등면 두동로 30, 지하1층 206호(경남아너스빌상가)"
738,부곡점,경상남도,창녕군,경남 창녕군 부곡면 온천중앙로 46
739,봉평점,경상남도,통영시,"경상남도 통영시 데메4길 45, 1호(도남동,세인상가)"
740,반지점,창원시,성산구,"창원시 성산구 원이대로393번길 17-1 (반지동,2층)"
741,반림점,창원시,성산구,창원시 성산구 중앙동 74-6 1층 B호
742,문산점,경상남도,진주시,경남 진주시 문산읍 소문리 153-77(1층)
743,동천점,경상남도,남해군,경남 남해군 삼동면 동부대로 1235
744,동마산점,창원시,마산시,창원시 마산회원구 구암남3길 13(구암동)
745,도계점,경상남도,창원시,"경상남도 창원시 의창구 도계로4번길 23, 1층 10호(도계동, 동영아트빌라)"
746,대산점,경상남도,함안군,경상남도 함안군 대산면 대산중앙로 214
747,대방점,창원시,성산구,"창원시 성산구 대정로 131 213(대방동,대방덕산타운상가 213호)"
748,남해점,경상남도,남해군,경남 남해군 남해읍 화전로78번길 17
749,남면점,경상남도,남해군,경남 남해군 남면 남서대로 777
750,남.이동점,경상남도,남해군,경남 남해군 이동면 무림로 81-1
751,남.고현점,경상남도,남해군,경남 남해군 고현면 대사리 757-1
752,군북점,경상남도,함안군,경남 함안군 군북면 중암리 60-1
753,구조라점,경상남도,거제시,경남 거제시 일운면 구조라리 375
754,구암점,경상남도,창원시,경상남도 창원시 마산회원구 구암북2길 6(구암동)
755,공단점,경상남도,진주시,경남 진주시 상평동 227 동국1차(아)상가 102
756,고현점,경상남도,거제시,경상남도 거제시 거제중앙로27길 15(고현동)
757,고성점,경상남도,고성군,경남 고성군 고성읍 송학리 269-3
758,경남대점,경상남도,창원시,경상남도 창원시 마산합포구 해안대로 71(해운동)
759,거창점,경상남도,거창군,경남 거창군 거창읍 상림리 42-10
760,가호점,경상남도,진주시,경남 진주시 가좌길 54 (가좌동)
761,가음정점,창원시,성산구,창원시 성산구 남산동 601-1 창남상가 1층 108
762,가야점,경상남도,함안군,경남 함안군 가야읍 도항리 95-1 1층
763,가곡점,경상남도,밀양시,경남 밀양시 가곡동 608-4
764,가고파점,경상남도,창원시,경남 창원시 마산회원구 석전1동 262-2
765,소주동점,경상남도,양산시,경상남도 양산시 대평들2길 17(주남동)
766,명동점(양),경상남도,양산시,경상남도 양산시 신명동 7길 56(명동)
767,평산점,경상남도,양산시,"경상남도 양산시 신명로 82, 107동 103호(평산동, 동일스위트1차)"
768,덕계점,경상남도,양산시,경상남도 양산시 덕계2길 20(덕계동)
769,칠산점,경상남도,김해시,경상남도 김해시 칠산로 399번길 8(화목동)
770,무계점,경상남도,김해시,"경상남도 김해시 장유로 301번길 3, 207호(무계동,청학프라자)"
771,율하점,경상남도,김해시,"경상남도 김해시 율하2로 123, 113동 106호(율하동,율현마을동원로얄듀크아파트1차상가)"
772,갑오점,경상남도,김해시,경남 김해시 장유면 대청리 332-4 대청프라자 A-218
773,삼문점,경상남도,김해시,경남 김해시 장유면 삼문리 30-2 석봉마을상가 109-203
774,주촌점,경상남도,김해시,경남 김해시 주촌면 서부로 1499번길 21
775,진례1호점,경상남도,김해시,경상남도 김해시 진례면 고모로 214
776,빙그레점,경상남도,김해시,경남 김해시 한림면 김해대로 914(가동)
777,진영신도시점,경상남도,김해시,경남 김해시 진영읍 김해대로 365번길 18 105
778,한림정점,경상남도,김해시,경상남도 김해시 한림면 한림로 417
779,명동점(김),경상남도,김해시,경상남도 김해시 한림면 명동로 7
780,생림점,경상남도,김해시,경상남도 김해시 생림면 생림대로 960
781,삼계점,경상남도,김해시,경남 김해시 가야로30번길 17(삼계동)
782,내동1호점,경상남도,김해시,경상남도 김해시 평전로 97-1(내동)
783,외동점,경상남도,김해시,경남 김해시 외동 1246-3
784,부원점,경상남도,김해시,경상남도 김해시 김해대로 2325번길 22(부원동)
785,어방점,경상남도,김해시,"경상남도 김해시 활천로 214번길5,101호(어방동,송대아트빌라)"
786,삼방시장점,경상남도,김해시,경상남도 김해시 삼안로 237(삼방동)
787,내원점,경상남도,양산시,경남 양산시 하북면 용연리 510-4
788,석계점,경상남도,양산시,경상남도 양산시 상북면 상북중앙로 349
789,대석리점,경상남도,양산시,경상남도 양산시 상북면 대성2길 7
790,어곡점,경상남도,양산시,경남 양산시 어곡동 9-3 외 4 필지 로얄파크빌상가 B09호
791,양산1호점,경상남도,양산시,경남 양산시 북부동 428-8
792,중부점,경상남도,양산시,"경상남도 양산시 양주로 110,상가동 1층 106호(중부동,현대아파트)"
793,범어점,경상남도,양산시,경남 양산시 물금읍 동중1길 28
794,물금역점,경상남도,양산시,경상남도 양산시 물금읍 황산로 355
795,증산점,경상남도,양산시,"경상남도 양산시 물금읍 새실2길 13, 101호(반도월드프라자)"
796,금산점,경상남도,양산시,경상남도 양산시 동면 금산2길 15
797,화도점,경기도,남양주시,경기도 남양주시 화도읍 비룡로 331
798,마석점,경기도,남양주시,경기도 남양주시 화도읍 마석로17번 안길 1-4
799,창현점,경기도,남양주시,"경기도 남양주시 화도읍 경춘로창벌2길 12, 1층"
800,평내점,경기도,남양주시,경기 남양주시 평내동 142
801,평내2호점,경기도,남양주시,경기도 남양주시 경춘로 1286 안길 3-5
802,도농점,경기도,남양주시,"경기도 남양주시 경춘로 386, 1층(도농동)"
803,별내점,경기도,남양주시,"경기도 남양주시 별내5로 37, 1층 103호(별내동)"
804,퇴계원점,경기도,남양주시,경기도 남양주시 퇴계원면 퇴계원로 78번길 1
805,사능점,경기도,남양주시,경기도 남양주시 진건읍 진건오남로 86번길 30
806,오남점,경기도,남양주시,"경기도 남양주시 오남읍 진건오남로512번길 23, 110호~111호"
807,내각점,경기도,남양주시,경기도 남양주시 진접읍 내각2로 33
808,진접택지점,경기도,남양주시,경기도 남양주시 진접읍 해밀예당로23로 121
809,장현산호점,경기도,남양주시,경기도 남양주시 진접읍 금강로 1530-16(산호아파트상가 106호)
810,광릉점,경기도,남양주시,경기도 남양주시 진접읍 부평로 42(진접센트레빌시티)
811,광적점,경기도,양주시,경기도 양주시 광적면 가래비길 67
812,은현점,경기도,양주시,경기도 양주시 은현면 선암리 335-1
813,남면점,경기도,양주시,경기도 양주시 남면 화합로 610번길 87
814,문산점,경기도,파주시,"경기도 파주시 문산읍 우계로 472, 1동 104호(두산위브상가)"
815,야동점,경기도,파주시,경기도 파주시 창곡동길 47
816,금촌점,경기도,파주시,경기도 파주시 문화로 5 1동 1층
817,봉일천점,경기도,파주시,경기도 파주시 조리읍 봉천로 18
818,교하점,경기도,파주시,"경기도 파주시 청석로 334, 102호(다율동, 청석마을동문굿모닝힐상가)"
819,운정점,경기도,파주시,"경기도 파주시 한울로84, 1층"
820,가좌대화점,경기도,고양시,경기도 고양시 일산서구 가좌1로 73
821,SBS점,경기도,고양시,"경기도 고양시 일산서구 일현로128, 103호"
822,구일산점,경기도,고양시,경기도 고양시 일산서구 고양대로 706-25
823,정발산점,경기도,일산동구,경기도 일산동구 산두로 213번길
824,풍동점,경기도,고양시,경기도 고양시 일산동구 숲속마을1로 48번길 42 103호
825,백석점,경기도,고양시,"경기도 고양시 일산동구 장백로 59, 104호 (백석동,흰돌마을)"
826,원당점,경기도,고양시,경기도 고양시 덕양구 마상로154번길 2(성사동)
827,고양점,경기도,고양시,경기도 고양시 덕양구 혜음로 8 삼라마이다스프라자 112호
828,조리대원점,경기도,파주시,"경기도 파주시 조리읍 대원로 18, 105호"
829,사리현점,경기도,고양시,경기도 고양시 일산동구 공릉천로 32
830,화정부영점,경기도,고양시,경기도 고양시 덕양구 화중로 220 달빛마을 
831,별빛점,경기도,고양시,경기도 고양시 덕양구 화정동 화신로 2811
832,화정주공점,경기도,고양시,"경기도 고양시 덕양구 백양로 6, 17단지 상가 101호"
833,가라뫼점,경기도,고양시,경기도 고양시 덕양구 행신로 311번길 16
834,원흥점,경기도,고양시,"경기도 고양시 덕양구 서삼릉1길 70, 1층일부(원흥동)"
835,삼송리점,경기도,고양시,경기도 고양시 삼송로 185번길 4
836,구리점,경기도,구리시,경기도 구리시 원수택로 47-1
837,청학점,경기도,남양주시,경기도 남양주시 별내면 청학로68번길 23-1 상가 101호
838,민락2호점,경기도,의정부시,경기도 의정부시 오목로225번길 79-16 1층(민락동)
839,민락점,경기도,의정부시,경기도 의정부시 효자로 10-0 송산중앙 112호
840,금오점,경기도,의정부시,경기도 의정부시 추동로94
841,의정부5호점,경기도,의정부시,경기도 의정부시 경의로 86(의정부동)
842,가능점,경기도,의정부시,경기도 의정부시 호국로 1188
843,녹양점,경기도,의정부시,경기도 의정부시 녹양로 62번길 31
844,산북점,경기도,양주시,경기도 양주시 평화로 1267번길 6
845,도곡점,경기도,남양주시,경기도 남양주시 와부읍 도곡로 1032-1
846,단월점,경기도,양평군,경기도 양평군 단월면 보산정길 2
847,용문점,경기도,양평군,경기도 양평군 용문면 중앙1길 21
848,양평점,경기도,양평군,경기도 양평군 양평읍 홍천길 15-1
849,양수리점,경기도,양평군,경기도 양평군 양서면 목왕로 19-1 1층
850,설악점,경기도,가평군,"경기도 가평군 설악면 신천중앙로 137-1, 1층"
851,청평점,경기도,가평군,경기도 가평군 청평면 청평중앙로 64
852,가평점,경기도,가평군,"경기도 가평군 가평읍 가화로 133, 1층"
853,가평목동점,경기도,가평군,경기도 가평군 북면 화악산로 11
854,현리점,경기도,가평군,경기도 가평군 하면 청군로 1185
855,호원점,경기도,의정부시,경기도 의정부시 호원동 454-14
856,장암점,경기도,의정부시,"경기도 의정부시 동일로 466번길 70, 1층 106호(신곡동)"
857,신곡점,경기도,의정부시,경기도 의정부시 장금로78번길 49(신곡동)
858,송우리점,경기도,포천시,경기도 포천시 소흘읍 태봉로 166번길 5
859,가산점,경기도,포천시,경기도 포천시 가산면 가산로 370
860,포천점,경기도,포천시,경기도 포천시 호병로 55
861,관인점,경기도,포천시,경기도 포천시 관인면 관인로 21
862,군남점,경기도,연천군,경기도 연천군 군남면 군남로 129
863,전곡점,경기도,연천군,경기도 연천군 전곡읍 밤골로 6
864,상패점,경기도,동두천시,경기도 동두천시 상패로 186
865,동두천3호점,경기도,동두천시,경기도 동두천시 장고갯로 267(보산동)
866,동두천1호점,경기도,동두천시,경기도 동두천시 지행로107번길 29(지행동)
867,동두천2호점,경기도,동두천시,"경기도 동두천시 동두천로63, 1층 102호(송내동, 상가동)"
868,덕정점,경기도,양주시,경기도 양주시 덕정길 50 가-1 4필지
869,삼숭점,경기도,양주시,경기도 양주시 삼숭로38번길 102
870,강화월곶,경기도,김포시,경기도 김포시 월곶면 군하리 170번지
871,대곶,경기도,김포시,경기도 김포시 대곶면 송마리 3-18
872,대능,경기도,김포시,경기도 김포시 대곶면 대능리 150-1
873,구래,김포시,김포,김포시 김포 한강9로 12번길 8-6 (구래동 6896-14)
874,장기,경기도,김포시,경기도 김포시 장기동 1407
875,사우북변,경기도,김포시,경기도 김포시 사우동 225-3 103호
876,풍무,경기도,김포시,경기도 김포시 풍무동 629 1층 103호
877,원미,부천시,원미동,부천시 원미동 59-9
878,서신,경기도,화성시,경기도 화성시 서신면 매화리 356-1
879,덕풍,경기도,하남시,경기도 하남시 덕풍동 335-7번지
880,풍덕천,경기도,용인시,경기도 용인시 수지구 풍덕천로 148번길 5-4 (풍척천동 1층)
881,태평,경기도,평택시,경기도 평택시 고덕면 궁리 75
882,팽성,경기도,평택시,경기도 평택시 팽성읍 송화리779-3
883,평택세교,경기도,평택시,경기도 평택시 세교2로 45 상가 109
884,장안점,경기도,평택시,경기도 평택시 추담로 58-78 상가동 107호
885,현대,경기도,평택시,경기도 평택시 이충동 381 현대상가 103호
886,서정1호점,경기도,평택시,경기도 평택시 서정동 871-19
887,지산서정점,경기도,평택시,경기도 평택시 서정동 799-2
888,고현,경기도,오산시,경기도 오산시 고현동 17
889,누읍,경기도,오산시,경기도 오산시 누읍로 20 104호
890,궐동,경기도,오산시,경기도 오산시 궐동 673-1 1층 (616-6)
891,오산세교,경기도,오산시,경기도 오산시 수청동 8-1  10블럭(세교상업택지)
892,은계,경기도,오산시,경기도 오산시 은계동 33-3
894,금호,경기도,수원시,"경기도 수원시 권선구 금호로 285,2층(호매실동)"
895,서수원,경기도,수원시,경기도 수원시 권선구 구운동 525-4
896,수원정자,경기도,수원시,경기도 수원시 장안구 장안로 125번길 16(정자동 2층)
897,송죽조원,경기도,수원시,경기도 수원시 장안구 송죽동 500
898,화서,경기도,수원시,경기도 수원시 팔달구 화서동 184-348
900,권선,경기도,수원시,경기도 수원시 권선동 1028-6번지
901,곡반정,경기도,수원시,경기도 수원시 권선구 곡반정동 569-16
902,매탄,경기도,수원시,경기도 수원시 영통구 매탄동 196-79
903,광교,경기도,수원시,경기도 수원시 영동구 법조로 149번길 190번길 . 1층
904,흥덕,경기도,수원시,경기도 수원시 영통구 삼성로 320번길 35 101-102
905,오목천,경기도,수원시,경기도 수원시 권선구 오목천동 472-40
906,기안,경기도,화성시,경기도 화성시 기안동 355-16
907,봉담,경기도,화성시,경기도 화성시 봉담읍 상리15-10
908,동탄2,경기도,화성시,경기도 화성시 지산1길 22-1 103호(영천동)
909,동탄,경기도,화성시,경기도 화성시 동탄 반송3길 50-7. 1층(반송동)
910,병점점,경기도,화성시,경기도 화성시 병점3로 157 상가 106
911,공세,경기도,용인시,경기도 용인시 기흥구 공세동 388-17
912,반도체,경기도,화성,경기도 화성 태안 반월 360-8
913,신영통,경기도,용인시,경기도 용인시 기흥구 서그내로 21(서천동)
914,영통,경기도,수원시,"경기도 수원시 영통구 청면남로50번길 24, 101"
915,송산,경기도,화성시,경기도 화성시 송산면 사강시장길 60
916,남양,경기도,화성시,경기도 화성시 남양동 547
917,팔탄,경기도,화성시,경기도 화성시 팔탄면 서촌길 16
918,서근리,경기도,화성시,"경기도 화성시 팔탄면 버들로 1374(서근리), 1층"
919,석포,경기도,화성시,경기도 화성시 장안면 석포리 761-49
921,포승,경기도,평택시,경기도 평택시 포승읍 도곡리 1121-6
922,안중,경기도,평택시,경기도 평택시 안중읍 안중로18번길 2-19
923,향남,경기도,화성시,"경기도 화성시 향남읍 행정동로 86, 103호"
924,발안,경기도,화성시,경기도 화성시 향냠읍 평리 101-9
925,왕림,경기도,화성시,경기도 화성시 봉담읍 왕림 405-1
926,수원과학대,경기도,화성시,"경기도 화성시 정남면 세자로 268-6,1층 1호"
928,성남태평,경기도,성남시,경기도 성남시 수정구 태평동 2359
929,금광,경기도,성남시,경기도 성남시 중원구 금광동 4314 104호
930,상대원,경기도,성남시,경기도 성남시 중원구 상대원동 1132
931,수지상현,경기도,용인시,경기도 용인시 상현동 859 롯데아파트상가 116호
932,성남,경기도,성남시,경기도 성남시 수정구 성남대로 1180번길 5-1(수진동)
933,야탑점,경기도,성남시,경기도 성남시 분당구 야탑로 153번길 9- 103호(야탑동)
934,동판교,경기도,성남시,경기도 성남시 분당구 동판교로 52번길 9-3(백현동)
935,서현분당,경기도,성남시,"경기도 성남시 분당구 분당로 212, 상가동 102호(분당동, 샛별마을)"
936,분당정자점,경기도,성남시,경기도 성남시 분당구 내정로 119번길 36(정자동1층)
937,구미금곡점,경기도,성남시,경기도 성남시 분당구 미금일로 81
938,휘닉스파크점,강원도,평창군,"강원도 평창군 봉평면 태기로 30, A동 2층 101호(아벨라상가)"
939,횡계점,강원도,평창군,강원도 평창군 대관령면 횡계리 321-12
940,화촌점,강원도,홍천군,강원도 홍천군 화촌면 성산로134번길 15
941,화천점,강원도,화천군,강원도 화천군 화천읍 중앙로 26-2
942,홍천점,강원도,홍천군,강원도 홍천군 홍천읍 꽃뫼로 137
943,호산점,강원도,삼척시,강원도 삼척시 원덕읍 호산2길 67-1
944,현리점,강원도,인제군,강원도 인제군 기린면 덕다리길 8
945,혁신점,강원도,원주시,"강원도 원주시 양지로 160-2, 107호(반곡동, 부영A상가)"
946,학성점,강원도,원주시,"강원도 원주시 학성길 46, 상가동 1층 103호(학성동, 삼천리아파트)"
947,퇴계점,강원도,춘천시,강원도 춘천시 행촌로32번길 16(퇴계동)
948,태장소초점,강원도,원주시,강원도 원주시 소초면 치악로 2355
949,태장1점,강원도,원주시,강원도 원주시 현충로 148(태장동)
950,태백점,강원도,태백시,"강원도 태백시 황지로 44. 107호(황지동, 우남연립)"
951,천도리점,강원도,인제군,강원도 인제군 서화면 천도로 133-1
952,천곡점,강원도,동해시,강원도 동해시 천곡로 36(천곡동)
953,중동점,강원도,영월군,강원도 영월군 중동면 태백산로 1199
954,주천점,강원도,영월군,강원도 영월군 주천면 주천면 주천로84번길 1
955,조양점,강원도,속초시,"강원도 속초시 새마을길 5, 1층(조양동)"
956,정선점,강원도,정선군,강원도 정선군 정선읍 비봉로 58-1
957,정선남면점,강원도,정선군,강원도 정선군 남면 문은단로 3
958,정동진점,강원도,강릉시,강원도 강릉시 강동면 정동3길 46-4
959,임원점,강원도,삼척시,강원도 삼척시 원덕읍 임원중앙로 37
960,일산점,강원도,원주시,"강원도 원주시 무실로 50(일산동, 지상1층)"
961,인제점,강원도,인제군,강원도 인제군 인제읍 비봉로16번길 5
962,원통점,강원도,인제군,강원도 인제군 북면 원통로147번길 32
963,우천점,강원도,횡성군,강원도 횡성군 우천면 우항3길 5-6
964,우산점,강원도,원주시,강원도 원주시 우산동 90-3번지
965,장호용화점,강원도,삼척시,강원도 삼척시 근덕면 삼척로 2127
966,용대리점,강원도,인제군,"강원도 인제군 북면 미시령로 1150, 1층"
967,오크밸리점,강원도,원주시,"강원도 원주시 지정면 오크밸리1길 70, 1층(빌리지센타)"
968,영진점,강원도,원주시,"강원도 원주시 소초면 장막2길 10, 외6필지"
969,양양점,강원도,양양군,강원도 양양군 양양읍 남문7길 5
970,양양동호점,강원도,양양군,강원도 양양군 손양면 선사유적로 316-20
971,양덕원점,강원도,홍천군,강원도 홍천군 남면 양덕원2길 30
972,양구점,강원도,양구군,강원도 양구군 양구읍 사명길 66
973,아야진점,강원도,고성군,강원도 고성군 토성면 아야진리 49-3
974,쌍용점,강원도,영월군,강원도 영월군 한반도면 쌍용로 82-1
975,신남점,강원도,인제군,강원도 인제군 남면 신남로48번길 19
976,시동점,강원도,홍천군,강원도 홍천군 남면 시동안로 321
977,수타사점,강원도,홍천군,강원도 홍천군 동면 속초길 6
978,석사점,강원도,춘천시,강원도 춘천시 효석로67번길 18-1(석사동)
979,서화점,강원도,인제군,강원도 인제군 서화면 금강로 1777-1
980,서원점,강원도,횡성군,강원도 횡성군 서원면 서원로 144-2
981,서면점,강원도,홍천군,강원도 홍천군 서면 팔봉산로 1180
982,북방점,강원도,홍천군,강원도 홍천군 북방면 영서로 2706
983,부영점,강원도,속초시,강원도 속초시 조양로 142번길 15(조양동)
984,부안점,강원도,춘천시,강원도 춘천시 보안길 42(후평동)
985,봉포점,강원도,고성군,강원도 고성군 토성면 토성로 65
986,미탄점,강원도,평창군,강원도 평창군 미탄면 미탄중앙로 42
987,명륜점,강원도,원주시,"강원도 원주시 남원로527번길 66, 1층 (명륜동)"
988,마차점,강원도,영월군,강원도 영월군 북면 마차중앙1길 39-1
989,둔내점,강원도,횡성군,강원도 횡성군 둔내면 경강로둔방6길 8
990,동해본점,강원도,동해시,"강원도 동해시 해안로 635-4, 1층(발한동)"
991,동면점,강원도,양구군,강원도 양구군 동면 금강산로 1554
992,단관점,강원도,원주시,"강원도 원주시 단관길 177-9(관설동, 1층)"
993,단계점,강원도,원주시,강원도 원주시 북원로2246번길 45(단계동)
994,내면점,강원도,홍천군,강원도 홍천군 내면 창촌로 33-1
995,남양점,강원도,삼척시,"강원도 삼척시 중앙시장길 68-26(남양동, 단층일부)"
996,남부점,강원도,춘천시,강원도 춘천시 공지로 354(효자동)
997,남면점,강원도,양구군,강원도 양구군 남면 삼팔선로 10
998,금호점,강원도,속초시,강원도 속초시 중앙로121번길 6(금호동)
999,근덕점,강원도,삼척시,강원도 삼척시 근덕면 교가길 22-9
1000,구곡점,강원도,원주시,"강원도 원주시 늘품로 8, 101호(단구동)"
1001,교동점,강원도,속초시,강원도 속초시 교동 먹거리4길 33(교동)
1002,계촌점,강원도,평창군,강원도 평창군 방림면 계촌길 58
1003,거두점,강원도,춘천시,강원도 춘천시 동내면 거두택지길 32(1층)
1004,강현점,강원도,양양군,강원도 양양군 강현면 물치천로 12
1005,강릉교동점,강원도,강릉시,"강원도 강릉시 율곡초교길39번길 18, 1층(교동)"
1006,강대점,강원도,춘천시,"강원도 춘천시 서부 대성로 182-1, 1층(효자동)"
1007,김화점,강원도,철원군,강원도 철원군 김화읍 김화로 635
1008,문혜리점,강원도,철원군,강원도 철원군 갈말읍 두루미로 100-1
